,Rank,CCA3,Country,Capital,Continent,2022 Population,2020 Population,2015 Population,2010 Population,2000 Population,1990 Population,1980 Population,1970 Population,Area (km²),Density (per km²),Growth Rate,World Population Percentage,Rate
0,36,AFG,Afghanistan,Kabul,Asia,41128771.0,38972230.0,33753499.0,28189672.0,19542982.0,10694796.0,12486631.0,10752971.0,652230.0,63.0587,1.0257,0.52,10
1,34,DZA,Algeria,Algiers,Africa,44903225.0,43451666.0,39543154.0,35856344.0,30774621.0,25518074.0,18739378.0,13795915.0,2381741.0,18.8531,1.0164,0.56,5
2,42,AGO,Angola,Luanda,Africa,35588987.0,33428485.0,28127721.0,23364185.0,16394062.0,11828638.0,8330047.0,6029700.0,1246700.0,28.5466,1.0315,0.45,5
3,140,ARM,Armenia,Yerevan,Asia,2780469.0,2805608.0,2878595.0,2946293.0,3168523.0,3556539.0,3135123.0,2534377.0,29743.0,93.4831,0.9962,0.03,10
4,91,AZE,Azerbaijan,Baku,Asia,10358074.0,,9863480.0,9237202.0,8190337.0,7427836.0,6383060.0,5425317.0,86600.0,119.6082,1.0044,0.13,10
5,154,BHR,Bahrain,Manama,Asia,1472233.0,1477469.0,1362142.0,1213645.0,711442.0,517418.0,362595.0,222555.0,765.0,1924.4876,1.0061,0.02,10
6,8,BGD,Bangladesh,Dhaka,Asia,171186372.0,167420951.0,157830000.0,148391139.0,129193327.0,107147651.0,83929765.0,67541860.0,147570.0,1160.035,1.0108,2.15,10
7,77,BEN,Benin,Porto-Novo,Africa,13352864.0,12643123.0,10932783.0,9445710.0,6998023.0,5133419.0,3833939.0,3023443.0,112622.0,118.5635,1.0274,0.17,5
8,165,BTN,Bhutan,Thimphu,Asia,782455.0,772506.0,743274.0,705516.0,587207.0,558442.0,415257.0,298894.0,38394.0,20.3796,1.0064,0.01,10
9,144,BWA,Botswana,Gaborone,Africa,2630296.0,2546402.0,2305171.0,2091664.0,1726985.0,1341474.0,938578.0,592244.0,582000.0,4.5194,1.0162,0.03,5
10,175,BRN,Brunei,Bandar Seri Begawan,Asia,449002.0,441725.0,421437.0,396053.0,333926.0,261928.0,187921.0,133343.0,5765.0,77.8841,1.0081,0.01,10
11,58,BFA,Burkina Faso,Ouagadougou,Africa,22673762.0,21522626.0,18718019.0,16116845.0,11882888.0,9131361.0,6932967.0,5611666.0,272967.0,83.0641,1.0259,0.28,5
12,78,BDI,Burundi,Bujumbura,Africa,12889576.0,12220227.0,10727148.0,9126605.0,6307659.0,5483793.0,4312834.0,3497834.0,27834.0,463.0874,1.027,0.16,5
13,73,KHM,Cambodia,Phnom Penh,Asia,16767842.0,16396860.0,15417523.0,14363532.0,12118841.0,8910808.0,6198959.0,6708525.0,181035.0,92.6221,1.0108,0.21,10
14,53,CMR,Cameroon,Yaounde,Africa,27914536.0,26491087.0,23012646.0,19878036.0,15091594.0,11430520.0,8519891.0,6452787.0,475442.0,58.7128,1.0263,0.35,5
15,171,CPV,Cape Verde,Praia,Africa,593149.0,582640.0,552166.0,521212.0,458251.0,364563.0,317234.0,287262.0,4033.0,147.0739,1.0089,0.01,5
16,117,CAF,Central African Republic,Bangui,Africa,5579144.0,5343020.0,4819333.0,4660067.0,3759170.0,2809221.0,2415276.0,2067356.0,622984.0,8.9555,1.0224,0.07,5
17,69,TCD,Chad,N'Djamena,Africa,17723315.0,16644701.0,14140274.0,11894727.0,8259137.0,5827069.0,4408230.0,3667394.0,1284000.0,13.8032,1.0316,0.22,5
18,1,CHN,China,Beijing,Asia,1425887337.0,1424929781.0,1393715448.0,1348191368.0,1264099069.0,1153704252.0,982372466.0,822534450.0,9706961.0,146.8933,1.0,17.88,10
19,163,COM,Comoros,Moroni,Africa,836774.0,806166.0,730216.0,656024.0,536758.0,431119.0,328328.0,242351.0,1862.0,449.3953,1.0184,0.01,5
20,160,DJI,Djibouti,Djibouti,Africa,1120849.0,1090156.0,1006259.0,919199.0,742033.0,577173.0,324121.0,144379.0,23200.0,48.3125,1.0138,0.01,5
21,15,COD,DR Congo,Kinshasa,Africa,99010212.0,92853164.0,78656904.0,66391257.0,48616317.0,35987541.0,26708686.0,20151733.0,2344858.0,42.2244,1.0325,1.24,5
22,14,EGY,Egypt,Cairo,Africa,110990103.0,107465134.0,97723799.0,87252413.0,71371371.0,57214630.0,43748556.0,34781986.0,1002450.0,110.7188,1.0158,1.39,5
23,152,GNQ,Equatorial Guinea,Malabo,Africa,1674908.0,1596049.0,,1094524.0,684977.0,465549.0,282509.0,316955.0,28051.0,59.7094,1.0247,0.02,5
24,132,ERI,Eritrea,Asmara,Africa,3684032.0,3555868.0,3340006.0,3147727.0,2392880.0,2149960.0,1657982.0,1272748.0,117600.0,31.3268,1.0176,0.05,5
25,159,SWZ,Eswatini,Mbabane,Africa,,1180655.0,1133936.0,1099920.0,1030496.0,854011.0,598564.0,442865.0,17364.0,69.2047,1.0079,0.02,5
26,12,ETH,Ethiopia,Addis Ababa,Africa,123379924.0,117190911.0,102471895.0,89237791.0,67031867.0,47878073.0,34945469.0,28308246.0,1104300.0,111.7268,1.0257,1.55,5
27,146,GAB,Gabon,Libreville,Africa,2388992.0,2292573.0,2028517.0,1711105.0,1272935.0,983028.0,749078.0,597192.0,267668.0,8.9252,1.0204,0.03,5
28,142,GMB,Gambia,Banjul,Africa,2705992.0,2573995.0,2253133.0,,,,,,10689.0,253.1567,1.025,0.03,5
29,131,GEO,Georgia,Tbilisi,Asia,3744385.0,3765912.0,3771132.0,,,,,,69700.0,53.7214,0.9964,0.05,10
30,47,GHA,Ghana,Accra,Africa,33475870.0,32180401.0,28870939.0,25574719.0,19665502.0,15446982.0,11865246.0,8861895.0,238533.0,140.3406,1.0196,0.42,5
31,75,GIN,Guinea,Conakry,Africa,13859341.0,13205153.0,11625998.0,10270728.0,8336967.0,6354145.0,4972609.0,4222374.0,245857.0,56.3716,1.0242,0.17,5
32,149,GNB,Guinea-Bissau,Bissau,Africa,2105566.0,2015828.0,1788919.0,1567220.0,1230849.0,973551.0,831462.0,591663.0,36125.0,58.2856,1.0218,0.03,5
33,104,HKG,Hong Kong,Hong Kong,Asia,7488865.0,7500958.0,7399838.0,7132438.0,6731195.0,5838574.0,4978544.0,3955072.0,1104.0,6783.3922,0.9992,0.09,10
34,2,IND,India,New Delhi,Asia,1417173173.0,1396387127.0,1322866505.0,1240613620.0,1059633675.0,,,557501301.0,3287590.0,431.0675,1.0068,17.77,10
35,4,IDN,Indonesia,Jakarta,Asia,275501339.0,271857970.0,259091970.0,244016173.0,214072421.0,182159874.0,148177096.0,115228394.0,1904569.0,144.6529,1.0064,3.45,10
36,17,IRN,Iran,Tehran,Asia,88550570.0,87290193.0,81790841.0,75373855.0,65544383.0,55793629.0,38520664.0,28449705.0,1648195.0,53.7258,1.0071,1.11,10
37,35,IRQ,Iraq,Baghdad,Asia,44496122.0,42556984.0,37757813.0,31264875.0,24628858.0,17658381.0,13653369.0,9811347.0,438317.0,101.5158,1.0221,0.56,10
38,98,ISR,Israel,Jerusalem,Asia,9038309.0,8757489.0,8007778.0,7328445.0,6116958.0,4803254.0,3744608.0,2907307.0,20770.0,435.1617,1.0155,0.11,10
39,52,CIV,Ivory Coast,Yamoussoukro,Africa,28160542.0,26811790.0,23596741.0,21120042.0,16799670.0,11910540.0,8303809.0,5477086.0,322463.0,,,0.35,5
40,11,JPN,Japan,Tokyo,Asia,123951692.0,125244761.0,127250933.0,128105431.0,126803861.0,123686321.0,117624196.0,105416839.0,377930.0,327.9753,0.9947,1.55,10
41,83,JOR,Jordan,Amman,Asia,11285869.0,10928721.0,9494246.0,6931258.0,5056174.0,3480587.0,2216903.0,1557374.0,89342.0,126.3221,1.0123,0.14,10
42,66,KAZ,Kazakhstan,Nursultan,Asia,19397998.0,18979243.0,17835909.0,16627837.0,15236253.0,16866563.0,14172710.0,12265305.0,2724900.0,7.1188,1.0105,0.24,10
43,27,KEN,Kenya,Nairobi,Africa,54027487.0,51985780.0,46851488.0,41517895.0,30851606.0,23162269.0,16187124.0,11473087.0,580367.0,93.0919,1.0193,0.68,5
44,129,KWT,Kuwait,Kuwait City,Asia,4268873.0,4360444.0,3908743.0,2943356.0,1934901.0,1674938.0,1493870.0,802786.0,17818.0,239.5821,1.0044,0.05,10
45,110,KGZ,Kyrgyzstan,Bishkek,Asia,6630623.0,6424874.0,5914980.0,5483774.0,4935182.0,4394734.0,3691209.0,3016384.0,199951.0,33.1612,1.0158,0.08,10
46,103,LAO,Laos,Vientiane,Asia,7529475.0,7319399.0,6787419.0,6323418.0,5430853.0,4314443.0,3297519.0,2675283.0,236800.0,31.7968,1.0141,0.09,10
47,119,LBN,Lebanon,Beirut,Asia,5489739.0,5662923.0,6398940.0,4995800.0,4320642.0,3593700.0,2963702.0,2381791.0,10452.0,525.2334,0.9816,0.07,10
48,147,LSO,Lesotho,Maseru,Africa,2305825.0,2254100.0,2118521.0,2022747.0,1998630.0,1798997.0,1407672.0,1023481.0,30355.0,75.962,1.0107,0.03,5
49,121,LBR,Liberia,Monrovia,Africa,5302681.0,5087584.0,4612329.0,4019956.0,2895224.0,2209731.0,1932169.0,1463563.0,111369.0,47.6136,1.021,0.07,5
50,107,LBY,Libya,Tripoli,Africa,6812341.0,6653942.0,6192235.0,6491988.0,5154790.0,4236983.0,2962720.0,1909177.0,1759540.0,3.8717,1.0114,0.09,5
51,167,MAC,Macau,Concelho de Macau,Asia,695168.0,676283.0,615239.0,557297.0,431896.0,350227.0,245332.0,247284.0,30.0,23172.2667,1.0125,0.01,10
52,50,MDG,Madagascar,Antananarivo,Africa,29611714.0,28225177.0,24850912.0,21731053.0,16216431.0,11882762.0,8948162.0,6639751.0,587041.0,50.4423,1.0241,0.37,5
53,62,MWI,Malawi,Lilongwe,Africa,20405317.0,19377061.0,16938942.0,14718422.0,11229387.0,9539665.0,6267369.0,4625141.0,118484.0,172.22,1.0259,0.26,5
54,45,MYS,Malaysia,Kuala Lumpur,Asia,33938221.0,33199993.0,31068833.0,,,17517054.0,13215707.0,10306508.0,330803.0,102.5934,1.0109,0.43,10
55,174,MDV,Maldives,Malé,Asia,523787.0,514438.0,435582.0,,,224957.0,164887.0,123243.0,300.0,1745.9567,1.0045,0.01,10
56,59,MLI,Mali,Bamako,Africa,22593590.0,21224040.0,18112907.0,15529181.0,11239101.0,8945026.0,7372581.0,6153587.0,1240192.0,18.2178,1.0314,0.28,5
57,126,MRT,Mauritania,Nouakchott,Africa,4736139.0,4498604.0,3946220.0,3419461.0,2695003.0,2006027.0,1506694.0,1122198.0,1030700.0,4.5951,1.0263,0.06,5
58,157,MUS,Mauritius,Port Louis,Africa,1299469.0,1297828.0,1293153.0,1283330.0,1215930.0,1090290.0,954865.0,830115.0,2040.0,636.9946,1.0004,0.02,5
59,182,MYT,Mayotte,Mamoudzou,Africa,326101.0,305587.0,249545.0,211786.0,159215.0,92659.0,52233.0,35383.0,374.0,871.9278,1.0319,0.0,5
60,134,MNG,Mongolia,Ulaanbaatar,Asia,3398366.0,3294335.0,2964749.0,2702520.0,2450979.0,2161433.0,1697780.0,1293880.0,1564110.0,2.1727,1.0151,0.04,10
61,40,MAR,Morocco,Rabat,Africa,37457971.0,36688772.0,34680458.0,32464865.0,28554415.0,24570814.0,19678444.0,15274351.0,446550.0,83.883,1.0103,0.47,5
62,48,MOZ,Mozambique,Maputo,Africa,32969517.0,31178239.0,,,17768505.0,13303459.0,11413587.0,8411676.0,801590.0,41.1302,1.0278,0.41,5
63,26,MMR,Myanmar,Nay Pyi Taw,Asia,54179306.0,53423198.0,51483949.0,49390988.0,45538332.0,40099553.0,33465781.0,27284112.0,676578.0,80.0784,1.0071,0.68,10
64,145,NAM,Namibia,Windhoek,Africa,2567012.0,2489098.0,2282704.0,2099271.0,1819141.0,1369011.0,975994.0,754467.0,825615.0,3.1092,1.0146,0.03,5
65,49,NPL,Nepal,Kathmandu,Asia,30547580.0,29348627.0,27610325.0,27161567.0,24559500.0,19616530.0,15600442.0,12501285.0,147181.0,207.5511,1.0171,0.38,10
66,54,NER,Niger,Niamey,Africa,26207977.0,24333639.0,20128124.0,16647543.0,11622665.0,8370647.0,6173177.0,4669708.0,1267000.0,20.6851,1.0378,0.33,5
67,6,NGA,Nigeria,Abuja,Africa,218541212.0,208327405.0,183995785.0,160952853.0,122851984.0,95214257.0,72951439.0,55569264.0,923768.0,236.5759,1.0241,2.74,5
68,56,PRK,North Korea,Pyongyang,Asia,26069416.0,25867467.0,25258015.0,24686435.0,23367059.0,20799523.0,17973650.0,14996879.0,120538.0,216.2755,1.0038,0.33,10
69,127,OMN,Oman,Muscat,Asia,4576298.0,4543399.0,4191776.0,2881914.0,2344253.0,1804524.0,1017462.0,670693.0,309500.0,14.7861,1.0123,0.06,10
70,5,PAK,Pakistan,Islamabad,Asia,235824862.0,227196741.0,210969298.0,194454498.0,154369924.0,115414069.0,80624057.0,59290872.0,881912.0,267.4018,1.0191,2.96,10
71,122,PSE,Palestine,Ramallah,Asia,5250072.0,5019401.0,4484614.0,3992278.0,3139954.0,2124609.0,1453620.0,1118241.0,6220.0,844.063,1.0227,0.07,10
72,13,PHL,Philippines,Manila,Asia,115559009.0,112190977.0,103031365.0,94636700.0,77958223.0,61558898.0,48419546.0,37435586.0,342353.0,337.5434,1.0147,1.45,10
73,143,QAT,Qatar,Doha,Asia,2695122.0,2760385.0,2414573.0,1713504.0,645937.0,441675.0,277450.0,118007.0,11586.0,232.6189,1.0026,0.03,10
74,114,COG,Republic of the Congo,Brazzaville,Africa,5970424.0,5702174.0,5064386.0,4437884.0,3134030.0,2385435.0,1829256.0,1396989.0,342000.0,17.4574,1.0231,0.07,5
75,161,REU,Reunion,Saint-Denis,Africa,974052.0,957822.0,922495.0,890130.0,785424.0,658992.0,551674.0,473925.0,2511.0,387.914,1.0082,0.01,5
76,76,RWA,Rwanda,Kigali,Africa,13776698.0,13146362.0,11642959.0,10309031.0,8109989.0,7319962.0,5247532.0,3896367.0,26338.0,523.0731,1.0234,0.17,5
77,187,STP,Sao Tome and Principe,São Tomé,Africa,227380.0,218641.0,201124.0,182138.0,143714.0,120343.0,97210.0,77583.0,964.0,235.8714,1.0192,0.0,5
78,41,SAU,Saudi Arabia,Riyadh,Asia,36408820.0,35997107.0,32749848.0,29411929.0,21547390.0,16004763.0,10171710.0,6106191.0,2149690.0,16.9368,1.0128,0.46,10
79,72,SEN,Senegal,Dakar,Africa,17316449.0,16436119.0,14356181.0,12530121.0,9704287.0,7536001.0,5703869.0,4367744.0,,,1.0261,0.22,5
80,196,SYC,Seychelles,Victoria,Africa,107118.0,105530.0,99240.0,92409.0,80060.0,71057.0,65290.0,54379.0,452.0,236.9867,1.0061,0.0,5
81,102,SLE,Sierra Leone,Freetown,Africa,8605718.0,8233969.0,7314773.0,6436698.0,4584067.0,4325388.0,3367477.0,2778557.0,71740.0,119.957,1.022,0.11,5
82,113,SGP,Singapore,Singapore,Asia,5975689.0,5909869.0,5650018.0,5163590.0,4053602.0,3022209.0,2400729.0,2061831.0,710.0,8416.4634,1.0058,0.07,10
83,70,SOM,Somalia,Mogadishu,Africa,17597511.0,16537016.0,13763906.0,12026649.0,8721465.0,6999096.0,5892224.0,,637657.0,27.5971,1.0312,0.22,5
84,24,ZAF,South Africa,Pretoria,Africa,59893885.0,58801927.0,55876504.0,51784921.0,46813266.0,39877570.0,29463549.0,22368306.0,1221037.0,49.0517,1.0084,0.75,5
85,29,KOR,South Korea,Seoul,Asia,51815810.0,51844690.0,50994401.0,48813042.0,46788591.0,44120039.0,38170501.0,32601143.0,100210.0,517.0722,0.9997,0.65,10
86,86,SSD,South Sudan,Juba,Africa,10913164.0,10606227.0,11194299.0,,6114440.0,4750817.0,4192011.0,3342410.0,619745.0,17.6091,1.0153,0.14,5
87,61,LKA,Sri Lanka,Colombo,Asia,21832143.0,21715079.0,21336697.0,20668557.0,18776371.0,17204094.0,14943645.0,12388769.0,65610.0,332.7563,1.0027,0.27,10
88,32,SDN,Sudan,Khartoum,Africa,46874204.0,44440486.0,38171178.0,33739933.0,26298773.0,21090886.0,16673586.0,11305206.0,1886068.0,24.8529,1.0267,0.59,5
89,60,SYR,Syria,Damascus,Asia,22125249.0,20772595.0,19205178.0,22337563.0,16307654.0,12408996.0,8898954.0,6319199.0,185180.0,119.4797,1.0376,0.28,10
90,57,TWN,Taiwan,Taipei,Asia,23893394.0,23821464.0,23512136.0,23083083.0,22194731.0,20586174.0,18100281.0,14957870.0,36193.0,660.1662,1.0014,0.3,10
91,95,TJK,Tajikistan,Dushanbe,Asia,9952787.0,9543207.0,8524063.0,7621779.0,6272998.0,5417860.0,4045965.0,2993019.0,143100.0,69.5513,1.0208,0.12,10
92,22,TZA,Tanzania,Dodoma,Africa,65497748.0,61704518.0,52542823.0,45110527.0,34463704.0,26206012.0,19297659.0,13618192.0,945087.0,69.3034,1.03,0.82,5
93,20,THA,Thailand,Bangkok,Asia,71697030.0,71475664.0,70294397.0,68270489.0,63066603.0,55228410.0,45737753.0,,513120.0,139.7276,1.0013,0.9,10
94,155,TLS,Timor-Leste,Dili,Asia,,1299995.0,1205813.0,1088486.0,,758106.0,642224.0,554021.0,14874.0,90.1772,1.0154,0.02,10
95,100,TGO,Togo,Lomé,Africa,8848699.0,8442580.0,7473229.0,6571855.0,5008035.0,3875947.0,2838110.0,2197383.0,56785.0,155.8281,1.0236,0.11,5
96,79,TUN,Tunisia,Tunis,Africa,12356117.0,12161723.0,11557779.0,10895063.0,9893316.0,8440023.0,6578156.0,5047404.0,163610.0,75.5218,1.0076,0.15,5
97,18,TUR,Turkey,Ankara,Asia,85341241.0,84135428.0,79646178.0,73195345.0,64113547.0,54324142.0,44089069.0,35540990.0,783562.0,108.9145,1.0067,1.07,10
98,111,TKM,Turkmenistan,Ashgabat,Asia,6430770.0,6250438.0,5766431.0,5267970.0,4569132.0,3720278.0,2862903.0,2201432.0,488100.0,13.1751,1.014,0.08,10
99,31,UGA,Uganda,Kampala,Africa,47249585.0,44404611.0,37477356.0,32341728.0,24020697.0,17586630.0,13284026.0,10317212.0,241550.0,195.61,1.0304,0.59,5
100,97,ARE,United Arab Emirates,Abu Dhabi,Asia,9441129.0,9287289.0,8916899.0,8481771.0,3275333.0,1900151.0,1014048.0,298084.0,83600.0,112.9322,1.0081,0.12,10
101,43,UZB,Uzbekistan,Tashkent,Asia,34627652.0,33526656.0,30949417.0,28614227.0,24925554.0,20579100.0,15947129.0,12011361.0,447400.0,77.3975,1.016,0.43,10
102,16,VNM,Vietnam,Hanoi,Asia,98186856.0,96648685.0,92191398.0,87411012.0,79001142.0,66912613.0,52968270.0,41928849.0,331212.0,296.4472,1.0074,1.23,10
103,172,ESH,Western Sahara,El Aaiún,Africa,575986.0,556048.0,491824.0,413296.0,270375.0,178529.0,116775.0,76371.0,266000.0,2.1654,1.0184,0.01,5
104,46,YEM,Yemen,Sanaa,Asia,33696614.0,32284046.0,28516545.0,24743946.0,18628700.0,13375121.0,9204938.0,6843607.0,527968.0,63.8232,1.0217,0.42,10
105,63,ZMB,Zambia,Lusaka,Africa,20017675.0,18927715.0,,13792086.0,9891136.0,7686401.0,5720438.0,4281671.0,752612.0,26.5976,1.028,0.25,5
106,74,ZWE,Zimbabwe,Harare,Africa,16320537.0,15669666.0,14154937.0,12839771.0,11834676.0,10113893.0,7049926.0,5202918.0,390757.0,41.7665,1.0204,0.2,5
